AdCampaign,EMPTY_TABLE
AdMetrics,EMPTY_TABLE
AdPlatformIntegration,74ea939a98794bcc839c5ab3a3d94077
AIRecommendation,EMPTY_TABLE
AiUsageLog,45b5ed4df1be442071472211e9df1cb7
AnalyticsEvent,EMPTY_TABLE
AutomationRule,EMPTY_TABLE
Block,07ac63a8650c1c26808ba8ebb1682701
CalendarEvent,b20e268c8402b5418672cbfd097200b4
CalendarParticipant,EMPTY_TABLE
CallStatus,EMPTY_TABLE
CallToLeadMapping,EMPTY_TABLE
Category,ac178d63883f6d9016882c73a2ec9e8d
contact_submissions,EMPTY_TABLE
DeletedEmail,EMPTY_TABLE
DocumentSection,f5c11cd5f52f06e1c8a0274c970d6c67
DocumentTemplate,42442f5223cce3a606d299837a1bfb99
DocumentTheme,413cc6bad0539af38b9bd06e5bb4c127
EcommerceIntegration,EMPTY_TABLE
Email,EMPTY_TABLE
EmailAccount,EMPTY_TABLE
EmailDomain,EMPTY_TABLE
EmailTemplate,EMPTY_TABLE
Field,EMPTY_TABLE
FieldCondition,EMPTY_TABLE
FieldDependency,EMPTY_TABLE
FieldFormula,EMPTY_TABLE
FieldModule,EMPTY_TABLE
FieldOption,EMPTY_TABLE
FieldOptionNode,EMPTY_TABLE
FieldSubField,EMPTY_TABLE
FieldSubFieldOption,EMPTY_TABLE
FieldType,EMPTY_TABLE
FieldValidation,EMPTY_TABLE
FormSubmission,EMPTY_TABLE
GeneratedDocument,f9ab7cdf43400753583bd09731f1b3d5
GoogleMailWatch,EMPTY_TABLE
GoogleToken,45ccb9aac77ab29d8ffc265fdd655292
GoogleTokenRefreshHistory,EMPTY_TABLE
GoogleVoiceCall,EMPTY_TABLE
GoogleVoiceConfig,EMPTY_TABLE
GoogleVoiceSMS,EMPTY_TABLE
GoogleWorkspaceConfig,514b5aa45eb335ff977214c36666977d
GoogleWorkspaceUser,80bb034d64c34f0c794332aee7ea80c1
Icon,EMPTY_TABLE
IntegrationsSettings,EMPTY_TABLE
Invitation,EMPTY_TABLE
Lead,1cb6829c77f0996bdb2610216f5e6748
LeadSource,EMPTY_TABLE
LeadStatus,EMPTY_TABLE
Module,65f38c67fcd04cf7c4f1ab191db46e8d
Notification,EMPTY_TABLE
Order,EMPTY_TABLE
Organization,4b023a204db4fc06d91656d95f689452
OrganizationModuleStatus,0261fb64fd6782006a6341d745d88846
OrganizationRoleStatus,EMPTY_TABLE
Permission,cb88087e9f87b73d3fa4a4324b02be54
_prisma_migrations,641f0ef2362e7fa4e3238fc1b510b71f
Product,EMPTY_TABLE
PublicForm,efe2331e05305622cc91cb6c9dc973d1
PublicFormSubmission,EMPTY_TABLE
Quote,EMPTY_TABLE
QuoteDocument,EMPTY_TABLE
QuoteItem,EMPTY_TABLE
Role,2f45232ef35dc42c18390cf148473b91
Section,6b0b2f52eb728bf2c92b282e2f669927
SystemConfig,EMPTY_TABLE
TechnicalData,EMPTY_TABLE
TelnyxCall,EMPTY_TABLE
TelnyxConnection,286809cbf1c931de52d23a97ec14d8b4
TelnyxMessage,EMPTY_TABLE
TelnyxPhoneNumber,EMPTY_TABLE
TelnyxSettings,EMPTY_TABLE
TelnyxUserConfig,EMPTY_TABLE
TimelineEvent,EMPTY_TABLE
TreeBranchLeafAPIConnection,EMPTY_TABLE
TreeBranchLeafDateConfig,EMPTY_TABLE
TreeBranchLeafFormulaConfig,EMPTY_TABLE
TreeBranchLeafFormulaReference,EMPTY_TABLE
TreeBranchLeafMarker,EMPTY_TABLE
TreeBranchLeafNode,3a1ae52b13ea2991e8b491bbd95bec5a
TreeBranchLeafNodeCondition,9c7eafe9d29a9680a2b01a18550e3cef
TreeBranchLeafNodeFormula,324e7d60be7406c79381bf88a7583b8b
TreeBranchLeafNodeMarker,EMPTY_TABLE
TreeBranchLeafNodeTable,01d5e93fc2e06f0709a505378127f7a5
TreeBranchLeafNodeTableColumn,e1861cb941043e99ae954f3698e565f3
TreeBranchLeafNodeTableRow,9e3f3ff855851f8211fb3e636792317f
TreeBranchLeafNodeVariable,1f4dd407bd9841ca4a3785a45245e28b
TreeBranchLeafNumberConfig,EMPTY_TABLE
TreeBranchLeafSelectConfig,727b51b9ba68493f2933d1f8eb9ea23c
TreeBranchLeafStage,EMPTY_TABLE
TreeBranchLeafSubmission,EMPTY_TABLE
TreeBranchLeafSubmissionData,EMPTY_TABLE
TreeBranchLeafSubmissionVersion,EMPTY_TABLE
TreeBranchLeafTableData,EMPTY_TABLE
TreeBranchLeafTextConfig,EMPTY_TABLE
TreeBranchLeafTree,4496c1796d348720b2516b4cb1594cec
User,f030e5725c132ba3dff3744ddf56a8d1
UserOrganization,ed036ca45872cfde4478b86b429fc6d5
_UserRoles,EMPTY_TABLE
UserService,EMPTY_TABLE
website_blog_posts,EMPTY_TABLE
website_configs,3c4643ddba787cf55ae64ad957ccc7b1
website_media_files,EMPTY_TABLE
website_projects,EMPTY_TABLE
websites,d20d29137734174776e1da61680f03d9
website_sections,6648fdba05b48e41ac8138d1887af739
website_services,4b7080c6438fdd4a726554d4bdc8f7e3
website_testimonials,EMPTY_TABLE
website_themes,0e82d80d5964e143f89117d039389a42
